{"totalAspects": 518, "pred": 157, "tp": 270, "fp": 106, "fn": 248, "precisao": 0.7180851063829787, "precisaoLaplace": 0.716931216931217, "revocacao": 0.5212355212355212, "medidaf": 0.6040268456375838, "totalExplicitos": 292, "explicitosOk": 35, "pExplicitos": 0.11986301369863013, "totalImplicitos": 226, "implicitosOk": 33, "pImplicitos": 0.14601769911504425, "dataset": "hotel", "cut": 0.0015}
